0_0.jpg,0_0.jpg,98_1.jpg,98_2.jpg,1_0.jpg,53_0.jpg,37_0.jpg,28_0.jpg,30_0.jpg,64_1.jpg,66_0.jpg,11_0.jpg,73_0.jpg,8_0.jpg,34_0.jpg,48_0.jpg,73_2.jpg,95_0.jpg,74_0.jpg,25_3.jpg,2_0.jpg
28_0.jpg,28_0.jpg,98_2.jpg,0_0.jpg,8_0.jpg,98_1.jpg,34_0.jpg,30_0.jpg,3_0.jpg,69_0.jpg,25_2.jpg,20_0.jpg,25_0.jpg,73_1.jpg,48_0.jpg,90_0.jpg,7_0.jpg,19_1.jpg,79_0.jpg,55_0.jpg,53_0.jpg
26_0.jpg,26_0.jpg,26_2.jpg,87_0.jpg,46_0.jpg,69_0.jpg,33_0.jpg,33_1.jpg,3_0.jpg,95_0.jpg,25_2.jpg,22_0.jpg,81_0.jpg,19_0.jpg,28_0.jpg,62_1.jpg,39_1.jpg,25_0.jpg,43_2.jpg,39_0.jpg,73_1.jpg
18_0.jpg,18_0.jpg,73_0.jpg,73_3.jpg,8_0.jpg,25_3.jpg,66_0.jpg,11_0.jpg,61_0.jpg,98_0.jpg,98_1.jpg,2_0.jpg,73_2.jpg,36_0.jpg,0_0.jpg,98_2.jpg,30_0.jpg,62_0.jpg,73_1.jpg,51_0.jpg,75_0.jpg
17_0.jpg,17_0.jpg,90_0.jpg,98_2.jpg,98_1.jpg,48_0.jpg,55_0.jpg,8_0.jpg,99_0.jpg,53_0.jpg,0_0.jpg,73_2.jpg,1_0.jpg,64_1.jpg,75_0.jpg,11_0.jpg,28_0.jpg,30_0.jpg,59_0.jpg,63_0.jpg,73_1.jpg
26_2.jpg,26_2.jpg,26_0.jpg,87_0.jpg,46_0.jpg,33_0.jpg,33_1.jpg,3_0.jpg,69_0.jpg,95_0.jpg,13_0.jpg,71_0.jpg,28_0.jpg,22_0.jpg,84_0.jpg,59_0.jpg,62_1.jpg,13_3.jpg,25_2.jpg,73_1.jpg,81_0.jpg
25_3.jpg,25_3.jpg,62_0.jpg,73_1.jpg,73_0.jpg,73_2.jpg,43_1.jpg,95_0.jpg,7_0.jpg,43_0.jpg,8_0.jpg,33_0.jpg,33_1.jpg,76_0.jpg,73_3.jpg,62_1.jpg,13_1.jpg,0_0.jpg,39_0.jpg,39_1.jpg,2_0.jpg
22_0.jpg,22_0.jpg,95_0.jpg,62_1.jpg,43_2.jpg,43_0.jpg,69_0.jpg,33_0.jpg,33_1.jpg,43_1.jpg,3_0.jpg,13_3.jpg,25_3.jpg,19_0.jpg,87_0.jpg,7_0.jpg,39_0.jpg,39_1.jpg,13_1.jpg,0_0.jpg,28_0.jpg
19_0.jpg,19_0.jpg,73_1.jpg,2_0.jpg,33_0.jpg,33_1.jpg,62_1.jpg,95_0.jpg,74_0.jpg,51_0.jpg,7_0.jpg,44_0.jpg,22_0.jpg,36_0.jpg,39_1.jpg,25_2.jpg,81_0.jpg,3_0.jpg,26_1.jpg,19_1.jpg,69_0.jpg
8_0.jpg,8_0.jpg,98_2.jpg,61_0.jpg,38_0.jpg,98_1.jpg,30_0.jpg,28_0.jpg,73_1.jpg,25_3.jpg,73_2.jpg,0_0.jpg,53_0.jpg,7_0.jpg,73_0.jpg,73_3.jpg,11_0.jpg,98_0.jpg,66_0.jpg,48_0.jpg,36_0.jpg
20_0.jpg,20_0.jpg,90_0.jpg,88_0.jpg,48_0.jpg,28_0.jpg,34_0.jpg,25_2.jpg,25_0.jpg,0_0.jpg,98_2.jpg,30_0.jpg,26_1.jpg,53_0.jpg,37_0.jpg,98_1.jpg,83_0.jpg,8_0.jpg,47_0.jpg,56_0.jpg,41_0.jpg
1_0.jpg,1_0.jpg,98_1.jpg,0_0.jpg,98_2.jpg,55_0.jpg,56_0.jpg,30_0.jpg,8_0.jpg,64_1.jpg,90_0.jpg,99_0.jpg,73_2.jpg,66_0.jpg,15_0.jpg,19_1.jpg,28_0.jpg,37_0.jpg,11_0.jpg,72_0.jpg,73_3.jpg
3_0.jpg,3_0.jpg,95_0.jpg,34_0.jpg,28_0.jpg,38_0.jpg,33_0.jpg,33_1.jpg,69_0.jpg,47_0.jpg,98_2.jpg,19_1.jpg,74_0.jpg,71_0.jpg,8_0.jpg,0_0.jpg,7_0.jpg,62_1.jpg,73_1.jpg,59_0.jpg,22_0.jpg
11_0.jpg,11_0.jpg,66_0.jpg,30_0.jpg,61_0.jpg,79_0.jpg,41_0.jpg,98_0.jpg,34_0.jpg,47_0.jpg,51_0.jpg,0_0.jpg,98_2.jpg,98_1.jpg,44_0.jpg,53_0.jpg,4_0.jpg,8_0.jpg,48_0.jpg,73_3.jpg,74_0.jpg
2_0.jpg,2_0.jpg,73_2.jpg,44_0.jpg,74_0.jpg,73_1.jpg,73_0.jpg,66_0.jpg,7_0.jpg,0_0.jpg,25_3.jpg,30_0.jpg,36_0.jpg,61_0.jpg,33_0.jpg,33_1.jpg,11_0.jpg,47_0.jpg,19_0.jpg,19_1.jpg,98_0.jpg
9_0.jpg,9_0.jpg,76_1.jpg,52_0.jpg,51_0.jpg,77_0.jpg,79_0.jpg,89_0.jpg,26_1.jpg,60_0.jpg,41_0.jpg,98_0.jpg,31_0.jpg,66_0.jpg,75_0.jpg,63_0.jpg,16_0.jpg,35_0.jpg,11_0.jpg,34_0.jpg,42_0.jpg
12_0.jpg,12_0.jpg,64_0.jpg,11_0.jpg,70_0.jpg,73_0.jpg,66_0.jpg,25_3.jpg,50_0.jpg,18_0.jpg,63_0.jpg,61_0.jpg,73_2.jpg,76_1.jpg,98_0.jpg,79_0.jpg,75_0.jpg,4_0.jpg,99_0.jpg,73_1.jpg,73_3.jpg
5_0.jpg,5_0.jpg,28_0.jpg,34_0.jpg,0_0.jpg,98_2.jpg,20_0.jpg,83_0.jpg,98_1.jpg,48_0.jpg,59_0.jpg,43_1.jpg,88_0.jpg,95_0.jpg,38_0.jpg,3_0.jpg,53_0.jpg,69_0.jpg,30_0.jpg,8_0.jpg,90_0.jpg
34_0.jpg,34_0.jpg,3_0.jpg,8_0.jpg,75_0.jpg,52_0.jpg,66_0.jpg,51_0.jpg,74_0.jpg,38_0.jpg,79_0.jpg,30_0.jpg,41_0.jpg,60_0.jpg,47_0.jpg,11_0.jpg,44_0.jpg,28_0.jpg,98_2.jpg,0_0.jpg,61_0.jpg
66_0.jpg,66_0.jpg,11_0.jpg,44_0.jpg,30_0.jpg,63_0.jpg,73_3.jpg,73_0.jpg,98_0.jpg,51_0.jpg,0_0.jpg,36_0.jpg,73_2.jpg,47_0.jpg,61_0.jpg,2_0.jpg,64_0.jpg,41_0.jpg,74_0.jpg,98_1.jpg,4_0.jpg
